,sub,onset,offset,cat,tier,tp_contingent,voc_contingent
0,1,649.09,659.67,lets do this again ready here he comes here he comes whish whish here he comes whish whish,Transcript,0,0
1,1,661.57,666.23,here he comes to get your piggies hes getting your piggies hes gonna get your cheeks,Transcript,0,0
2,1,667.28,668.3,get your cheeks,Transcript,0,1
3,1,676.2,680.0,ready huh whats your tongue doing whats your tongue doing,Transcript,0,0
4,1,681.43,686.72,here he comes hes getting your piggies hes getting your piggies,Transcript,1,0
5,1,686.85,691.63,want to catch him what want to catch him,Transcript,0,0
6,1,696.08,697.46,can you say walk,Transcript,0,0
7,1,699.2,700.72,you gonna throw that in too,Transcript,1,0
8,1,702.83,703.61,boom,Transcript,1,0
9,1,710.79,711.52,boom,Transcript,0,1
10,1,716.38,717.83,think those will make a noise,Transcript,0,0
11,1,726.98,732.71,whats in there huh all those things in there how you gonna get them out,Transcript,0,0
12,1,734.21,735.05,need some help,Transcript,1,0
13,1,736.47,737.17,there you go,Transcript,0,0
14,1,739.17,742.94,whats in there what what,Transcript,1,0
15,1,745.27,746.56,what do you see in there,Transcript,0,0
16,1,747.59,749.45,i dont think you can reach down there,Transcript,1,0
17,1,751.69,752.92,you trying to reach em,Transcript,1,1
18,1,754.365,755.73,you want to play with something else,Transcript,1,0
19,1,758.12,760.86,here want to go play with something else,Transcript,0,0
20,1,762.66,763.66,what else is there,Transcript,1,0
21,1,765.16,765.5,look,Transcript,0,0
22,1,769.51,773.14,want to see this look whats on here,Transcript,0,0
23,1,775.2,777.0,youre going to pull that toy box,Transcript,0,1
24,1,793.18,796.27,how you going to get them out of there i dont think you can reach,Transcript,0,0
25,1,799.93,800.45,what,Transcript,0,0
26,1,802.57,803.0,what,Transcript,0,1
27,1,808.4,808.97,what,Transcript,1,1
28,1,832.59,838.94,huh shawn you think hell make a noise i dont think so no noise,Transcript,1,0
29,1,847.36,850.67,no noises that one didnt go boom maybe if you try this,Transcript,0,0
30,1,866.373,869.093,what is with your tongue when i get you with this huh,Transcript,0,1
31,1,874.862,876.02,is that what youre trying to do,Transcript,0,0
32,1,878.06,888.125,ah schoo ah ah is it gonna come and get you ah schoo,Transcript,0,0
33,1,892.4,893.914,ready want it,Transcript,0,1
34,1,898.09,903.17,here it comes again here it comes,Transcript,0,0
35,1,904.88,905.27,what,Transcript,0,1
36,1,911.47,911.82,what,Transcript,0,0
37,1,915.02,918.45,look whos that whos that,Transcript,0,0
38,1,922.82,926.15,who is that is that eeyore,Transcript,0,0
39,1,940.09,943.25,what huh look,Transcript,0,1
40,1,945.55,946.23,you getting up,Transcript,0,0
41,1,946.5,950.82,look you see the rubber ducky rubber ducky and the teddy bear,Transcript,0,0
42,1,953.9,963.32,look watch look theres a train see the duck the duck duck duck duck the duck,Transcript,0,0
43,1,966.68,973.83,and the teddy bear see the teddy bear hes a nice teddy bear is he a nice teddy bear,Transcript,0,1
44,1,975.14,975.86,the duck,Transcript,0,0
45,1,977.45,980.99,what what the duck,Transcript,0,0
46,1,984.81,988.86,oh me five duck,Transcript,0,0
47,1,991.85,1002.12,wheres the teddy bear wheres the teddy bear thats the duck look theres the teddy bear theres the teddy bear and the duck,Transcript,0,0
48,1,1009.76,1011.57,want to get up huh,Transcript,0,0
49,1,1012.38,1019.532,oh ho oh oh oh did you bump your chin did you bump your chin,Transcript,0,1
50,1,1025.007,1027.167,oh did you bump your chin,Transcript,0,0
51,1,1029.266,1032.29,you want your babba oh look,Transcript,0,1
52,1,1033.302,1034.63,would you like your babba,Transcript,0,1
53,1,1036.175,1037.445,no you dont want that,Transcript,0,0
54,1,1039.45,1040.815,what would you like,Transcript,0,0
55,1,1041.49,1042.715,want to play with the toys,Transcript,0,0
56,1,1044.466,1045.796,look look whats over here,Transcript,0,0
57,1,1046.998,1050.65,look look whats this,Transcript,0,0
58,1,1052.48,1052.86,look,Transcript,0,0
59,1,1056.92,1057.35,no,Transcript,0,0
60,1,1060.16,1061.17,look at the moo cow,Transcript,0,0
61,1,1074.68,1076.53,huh what do you think this ones going to do,Transcript,0,0
62,1,1083.37,1084.075,is that silly,Transcript,0,0
63,1,1092.67,1096.55,its coming to give you a kiss look,Transcript,0,0
64,1,1097.902,1098.94,oh look at this,Transcript,0,0
65,1,1102.457,1103.337,you see that,Transcript,0,0
66,1,1109.49,1111.85,wanna try this look look look,Transcript,0,0
67,1,1116.29,1117.455,look at that,Transcript,1,0
68,1,1131.25,1132.106,what would you like,Transcript,1,0
69,1,1133.96,1136.073,oh she looks like a cookie,Transcript,1,0
70,1,1150.32,1150.61,what,Transcript,1,1
71,1,1155.91,1156.64,see that,Transcript,1,0
72,1,1162.89,1164.2,splish splash,Transcript,0,0
73,1,1173.34,1177.15,look should we stick it on top of you watch youll feel the cold water,Transcript,0,0
74,1,1179.056,1180.1,its squishy,Transcript,0,0
75,1,1184.07,1184.93,whats that,Transcript,1,0
76,1,1188.625,1191.055,should i put it on your foot huh its on your foot,Transcript,1,0
77,2,610.42,611.27,want it back,Transcript,0,0
78,2,613.34,615.13,thank you ah gonna eat it,Transcript,1,0
79,2,626.12,628.46,can i have that one can mommy have that one,Transcript,0,1
80,2,658.73,661.11,what did she do is she going bye byes,Transcript,0,0
81,2,661.395,662.79,yeah is she going bye byes,Transcript,0,0
82,2,663.8,664.81,whered she go,Transcript,0,0
83,2,665.59,668.165,oh put mommys back there you go,Transcript,0,0
84,2,672.88,676.11,give it to mommy can mommy have it uh oh,Transcript,0,0
85,2,680.07,682.4,can mommy have it uh oh there it goes,Transcript,0,0
86,2,686.76,687.805,give it mommy,Transcript,0,0
87,2,690.86,692.13,uh mommys,Transcript,1,0
88,2,695.2,696.06,you gonna eat it,Transcript,0,0
89,2,712.87,714.79,this one look what mommy can do,Transcript,0,0
90,2,720.15,722.04,can you do that can you throw it,Transcript,0,0
91,2,722.83,724.83,ah im going eat it youre going to eat it,Transcript,0,0
92,2,727.77,733.93,is that funny is that funny is that funny oh you see your juice you see your juice,Transcript,0,1
93,2,738.37,743.84,you see your juice what else can mommy find ooh this looks neat,Transcript,0,0
94,2,746.15,746.825,whats that,Transcript,0,0
95,2,754.51,755.66,juice toy,Transcript,1,0
96,2,761.67,762.815,see what it does,Transcript,1,0
97,2,778.96,782.25,is that pretty neat huh see little balls in there,Transcript,0,0
98,2,782.97,786.02,got this oo lets see this,Transcript,0,0
99,2,790.06,791.7,all kinds of fun toys,Transcript,0,0
100,2,802.18,808.92,youre so quiet are you just not sure what to think yeah what do you think of those bib overalls huh what do you think of those,Transcript,0,1
101,2,809.64,811.17,youre just not sure what to do,Transcript,1,0
102,2,814.01,815.23,see will this fit in there,Transcript,0,0
103,2,816.4,819.23,lets see if we can put that in there too huh,Transcript,0,0
104,2,821.11,822.21,now whatcha gonna do,Transcript,0,0
105,2,828.2,833.165,ah thats gonna be tough to get out thats gonna be tough,Transcript,0,0
106,2,834.52,836.335,ooh look what mommy has,Transcript,0,0
107,2,838.75,840.41,hi camron what are you doing,Transcript,0,0
108,2,843.09,843.65,im gonna get you,Transcript,0,0
109,2,846.51,848.22,i dont think mommy has it on right lets see,Transcript,0,0
110,2,849.94,850.765,gobble gobble gobble,Transcript,0,1
111,2,852.34,853.3,im gonna get your fingers,Transcript,0,1
112,2,856.15,857.43,im gonna get your toesies,Transcript,0,1
113,2,859.775,861.225,im gonna get your toesies,Transcript,0,1
114,2,863.61,865.48,i like your toesies im gonna get them,Transcript,0,1
115,2,867.96,869.115,i gonna get your nose,Transcript,0,1
116,2,871.42,873.12,im gonna get your other toes,Transcript,0,1
117,2,875.185,877.57,i gonna drink your juicy im gonna drink your juicy,Transcript,0,1
118,2,880.58,881.29,i gonna get them,Transcript,0,0
119,2,882.26,883.31,im gonna get it,Transcript,1,1
120,2,884.84,885.68,im gonna get it,Transcript,0,1
121,2,888.675,889.905,oh give me some juicy,Transcript,0,1
122,2,892.91,894.71,im gonna get that juicy,Transcript,0,1
123,2,897.13,898.59,im gonna get your toesies,Transcript,0,1
124,2,902.2,906.48,hes gonna go night night hes gonna go night night say bye bye bye bye,Transcript,0,1
125,2,913.75,915.692,hes going to sleep hes sleeping,Transcript,1,0
126,2,921.99,927.25,you like him do you like him hes sleeping aw nice cow,Transcript,0,1
127,2,933.87,937.626,uh oh he went boom boom he went boom boom,Transcript,0,0
128,2,940.958,944.958,you better watch out hell get your toesies hell get your toesies,Transcript,0,0
129,2,945.69,946.81,im gonna get your toesies,Transcript,0,0
130,2,948.45,949.08,gimme that ball,Transcript,0,0
131,2,950.85,953.48,can i have that ball  woah,Transcript,0,1
132,2,954.05,958.18,youre gonna fall oh let me help ya oooh,Transcript,0,0
133,2,960.81,961.78,i gonna get you,Transcript,0,0
134,2,963.27,964.14,im gonna give you kiss,Transcript,1,1
135,2,971.27,972.55,im gonna get you,Transcript,0,1
136,2,973.13,974.0,im gonna get him,Transcript,0,1
137,2,975.51,976.72,im gonna get his fingers,Transcript,1,1
138,2,982.33,983.49,aw gimme kisses,Transcript,1,1
139,2,985.32,987.54,aw hes going bye bye tell him bye bye,Transcript,1,1
140,2,989.58,993.86,i think hes going bye byes bye bye bye bye bye bye,Transcript,0,0
141,2,995.67,998.42,bye bye bye bye,Transcript,0,1
142,2,1001.3,1002.31,whered he go,Transcript,0,0
143,2,1005.39,1006.87,uh i see him,Transcript,0,0
144,2,1008.34,1013.0,oh see your juice mommy should have left the juice home oh whats that guy,Transcript,1,1
145,2,1016.31,1019.2,oh what is it ah,Transcript,0,0
146,2,1022.88,1024.22,watch your head,Transcript,0,1
147,2,1029.18,1032.65,can mommy have it all gone,Transcript,0,0
148,2,1035.01,1039.4,you got mad  you got mad lemme see your temper,Transcript,0,1
149,2,1043.1,1050.18,that wasnt nice was it of mommy you can have your juice ah we got a mommy starfish and a baby starfish,Transcript,0,0
150,2,1060.105,1060.785,what,Transcript,0,1
151,2,1066.69,1073.28,theres so much to look at isnt there theres so much to look at what you think,Transcript,0,0
152,2,1075.26,1078.88,uh oh ah i knocked him down,Transcript,0,0
153,2,1087.81,1102.21,are you gonna eat it are you gonna eat it are you gonna eat it what else mommy see ooh we have one of these at home we have one of these at home do you remember the koosh ball oh pretty,Transcript,0,0
154,2,1113.91,1117.16,you wanna catch it you ready set go,Transcript,0,0
155,2,1121.06,1122.83,that feels funny doesnt it,Transcript,1,0
156,2,1125.38,1126.77,that feels funny,Transcript,0,0
157,2,1137.57,1143.255,what do you think whats that feel like huh does that feel funny,Transcript,0,0
158,2,1150.035,1154.79,does that feel funny can you throw it to mommy throw it to mommy,Transcript,0,0
159,2,1161.53,1165.562,are you just going to play with it huh just going to play with it,Transcript,0,0
160,2,1171.232,1173.802,can i put it on our toesies can i put it on your toesies,Transcript,0,1
161,2,1176.22,1181.48,does that feel funny i get the piggies i gonna get the piggies,Transcript,0,0
162,2,1194.22,1197.847,you trying to pull it apart why are you trying to pull it apart,Transcript,0,0
163,2,1200.25,1201.83,ah what is it,Transcript,0,0
164,2,1204.18,1206.81,youre so quiet you dont know what to think do ya,Transcript,0,0
165,2,1208.86,1212.8,you dont know what to think but you need that juice huh you need that juice,Transcript,0,0
166,5,901.192,903.959,oh i was going to hide him you can pick him back up though,Transcript,1,0
167,5,904.786,907.142,thats the little button that you push see this one,Transcript,0,0
168,5,908.11,908.999,and out comes pooh,Transcript,0,0
169,5,913.044,913.767,push him down,Transcript,0,0
170,5,915.53,916.418,push him down,Transcript,1,0
171,5,917.509,917.97,click,Transcript,0,0
172,5,919.073,921.668,and are you ready,Transcript,0,0
173,5,922.86,926.965,are you ready hes gonna pop out you need to be looking oh there he is,Transcript,1,0
174,5,928.791,933.494,push him down say bye bye winnie in he goes,Transcript,1,0
175,5,934.111,934.839,is he in there,Transcript,0,0
176,5,935.455,936.172,where did he go,Transcript,0,0
177,5,937.016,937.916,where did he go,Transcript,0,0
178,5,939.602,940.308,there he is,Transcript,0,0
179,5,943.864,944.998,can you say bye bye to winnie,Transcript,1,0
180,5,945.69,946.363,bye bye winnie,Transcript,0,0
181,5,947.252,947.896,bye bye,Transcript,0,0
182,5,948.83,951.973,huh huh hi winnie can you wave at winnie,Transcript,0,0
183,5,954.688,956.077,push him down click,Transcript,1,0
184,5,960.931,964.676,shake shake shake this one makes noise you wanna shake something this one makes noise,Transcript,0,0
185,5,966.667,967.656,shake shake shake,Transcript,0,0
186,5,971.448,972.109,wanna shake it,Transcript,0,0
187,5,973.764,974.459,thats tigger,Transcript,0,0
188,5,975.569,977.458,there you go bang bang bang bang bang,Transcript,0,0
189,5,979.493,980.243,bang bang bang,Transcript,0,0
190,5,997.866,998.955,these are kinda neat,Transcript,0,0
191,5,1003.424,1006.429,oh look at all the colors its like a rainbow,Transcript,1,1
192,5,1008.907,1009.535,isnt that neat,Transcript,0,0
193,5,1010.8,1012.045,ohhh,Transcript,0,0
194,5,1014.692,1016.126,should we throw it in the air,Transcript,0,0
195,5,1023.601,1024.64,where did it go,Transcript,0,0
196,5,1028.464,1029.019,right there,Transcript,1,0
197,5,1037.219,1038.635,huh where did it go,Transcript,0,0
198,5,1042.747,1043.28,there it is,Transcript,0,0
199,5,1053.579,1054.407,whatcha looking for,Transcript,0,0
200,5,1065.618,1066.974,just like the box dont ya,Transcript,0,1
201,5,1093.718,1094.324,can you get it,Transcript,0,0
202,5,1094.998,1095.582,go get it,Transcript,0,0
203,5,1100.509,1102.07,there you go good job,Transcript,1,0
204,5,1108.273,1109.617,oh it wants to roll away,Transcript,0,1
205,5,1120.647,1123.819,its a big red ball you got it are you going to bring it back,Transcript,0,0
206,5,1128.37,1129.565,i have this one too,Transcript,0,0
207,5,1130.44,1132.39,this one doesnt roll though well maybe it does,Transcript,0,0
208,5,1133.886,1134.436,not really,Transcript,0,0
209,5,1138.481,1140.281,i see what you have thats nice,Transcript,0,0
210,5,1141.788,1142.976,oh it bounces too,Transcript,0,0
211,5,1143.559,1148.899,that ones a better size than the one we have at home isnt it yours is a little bit too big for your hand,Transcript,0,1
212,5,1154.418,1155.118,do you see winnie,Transcript,0,0
213,5,1160.536,1161.514,can you bring it with you,Transcript,0,0
214,5,1178.47,1180.147,lets see what we can do with these,Transcript,0,0
215,5,1182.632,1184.048,this one doesnt do anything but make noise,Transcript,0,0
216,5,1184.957,1187.207,it goes round and round and round and round,Transcript,0,1
217,5,1188.185,1191.168,and this one goes on top,Transcript,1,1
218,5,1192.417,1193.644,and then winnie goes on top of there,Transcript,0,0
219,5,1194.565,1195.315,there he is again,Transcript,0,0
220,5,1196.655,1197.86,you just like standing up dont ya,Transcript,0,1
221,5,1198.947,1201.464,youd be happy if there was a big stairwell in here wouldnt ya,Transcript,0,0
222,9,896.906,898.017,oh eeyore,Transcript,0,0
223,9,899.44,900.61,tigger,Transcript,0,0
224,9,909.217,909.701,yeah huh,Transcript,0,1
225,9,917.205,918.01,eeyore,Transcript,0,0
226,9,919.609,922.414,oooh oh eeyore,Transcript,0,0
227,9,961.505,962.205,ball,Transcript,0,0
228,9,964.012,967.017,hey come here switch,Transcript,1,0
229,9,968.102,970.894,ball give mommy,Transcript,0,0
230,9,971.929,981.694,thats my ball thats my ball thats your ball thats my ball thats your ball thats my ball thats your ball thats my ball your ball,Transcript,0,0
231,9,985.282,994.192,and you can eat it ill go get it i go and get it thats my ball thats your ball my ball,Transcript,0,0
232,9,1013.617,1015.922,that doesnt make noise like ours,Transcript,0,0
233,9,1017.818,1020.302,no that doesnt make noise like ours,Transcript,0,0
234,9,1041.004,1045.617,what are you going for honey crunchy crunchy,Transcript,0,0
235,9,1057.838,1058.612,mommy help,Transcript,1,0
236,9,1067.502,1068.697,mooo,Transcript,0,0
237,9,1070.61,1071.715,oh,Transcript,0,0
238,9,1073.744,1075.391,thats a moo cow,Transcript,0,0
239,9,1100.491,1105.512,uh oh should i put the cow back on,Transcript,0,0
240,9,1154.505,1155.089,what,Transcript,0,0
241,9,1155.988,1159.504,pooh bear go see pooh bear,Transcript,0,0
242,9,1161.127,1161.464,k,Transcript,1,1
243,9,1168.751,1173.009,winnie the pooh winnie the pooh,Transcript,0,1
244,9,1175.014,1176.319,say hi pooh bear,Transcript,0,1
245,9,1178.632,1181.401,say hi hi pooh bear,Transcript,0,1
246,9,1186.533,1190.017,oh kisses for pooh why dont you go and give him a kiss,Transcript,0,0
247,9,1192.44,1194.413,oh pooh bear kisses,Transcript,0,0
248,9,1195.838,1197.296,youre too sweet,Transcript,0,1
249,10,600.99,605.48,you got another one big boy,Transcript,1,0
250,10,613.38,614.77,you want me to make it spin,Transcript,0,0
251,10,615.94,619.59,what ready here it goes spin,Transcript,0,0
252,10,622.82,623.51,you like that,Transcript,0,1
253,10,626.0,628.98,do you want mommy to do it again do you want me to make it spin,Transcript,1,0
254,10,633.59,636.76,there we go oh you rolled it thats good,Transcript,1,1
255,10,646.77,648.602,yes,Transcript,1,0
256,10,658.82,661.19,you might have to catch shoe shown,Transcript,1,0
257,10,682.58,683.5,whats that,Transcript,1,0
258,10,689.92,691.44,yay,Transcript,0,0
259,10,695.329,699.43,its a donut its a big circle donut,Transcript,1,1
260,10,705.68,707.092,how does that taste,Transcript,1,0
261,10,709.135,711.46,hay its a penguin,Transcript,0,1
262,10,712.082,713.08,yay,Transcript,0,1
263,10,714.83,721.87,pete the penguin no no no touching no ouch ouch joseph no no good boy no no,Transcript,1,0
264,10,724.638,727.17,yay,Transcript,0,0
265,10,731.56,734.52,yay i like the clapping,Transcript,0,0
266,10,737.81,740.51,no no joe no no ouch no no honey,Transcript,1,1
267,10,743.97,749.76,joe no touching this ok no ouch no no no ouch,Transcript,1,0
268,10,750.58,752.46,you can touch this yes,Transcript,0,0
269,10,753.17,757.52,yes big boy ouch ouch no no,Transcript,0,0
270,10,759.96,760.71,good boy,Transcript,0,0
271,10,763.17,764.731,ouch no no,Transcript,0,0
272,10,766.91,771.8,yay wheres pete the penguin wheres the penguin look look,Transcript,0,0
273,10,781.9,782.6,penguin,Transcript,0,1
274,10,785.0,786.17,oh is that ripped,Transcript,0,1
275,10,790.76,799.07,what else what else do you see yay joseph what do you want to do do you want me to spin that again huh,Transcript,0,1
276,10,801.84,802.644,hey joe,Transcript,1,0
277,10,810.22,824.03,ill put that back you dont want it hey joseph what is this joe joe hey joe what is this is what is this huh,Transcript,0,0
278,10,826.16,827.398,whats in the box,Transcript,0,1
279,10,834.15,835.25,what else is in there,Transcript,0,0
280,10,838.942,841.652,ah do you see other things in there,Transcript,0,1
281,10,843.74,859.41,oh my oh whats that what is it need some help can i help you get it out my goodness youre checking everything out,Transcript,0,0
282,10,864.3,866.35,up joe look look,Transcript,0,0
283,10,869.104,873.1,winnie the pooh winnie the pooh,Transcript,1,0
284,10,882.51,883.764,its a pooh bear,Transcript,0,1
285,10,889.0,892.12,silly willy willy old duck,Transcript,0,0
286,10,895.309,896.849,hey,Transcript,0,1
287,10,916.494,917.824,hey,Transcript,0,1
288,10,945.75,948.46,whats in there going see ya,Transcript,0,0
289,10,950.3,951.98,did you think that was something to drink,Transcript,0,0
290,10,955.3,956.33,sure looks like it,Transcript,1,0
291,10,968.52,969.21,yay,Transcript,0,1
292,10,974.33,974.81,huh,Transcript,1,0
293,10,984.065,991.49,there you are joe oh theres a beautiful boy i love him i love him,Transcript,1,0
294,10,999.943,1001.483,thats a nice noise,Transcript,0,0
295,10,1008.09,1009.4,is it gonna kiss himself,Transcript,0,0
296,10,1017.775,1018.275,ah,Transcript,1,1
297,10,1020.21,1021.33,can i have the ball,Transcript,0,0
298,10,1023.969,1036.19,thank you im gonna get it im gonna get it im gonna get it im gonna get it yay you got it ah i got it you got it,Transcript,0,1
299,10,1038.6,1040.271,are we gonna lay down,Transcript,1,0
300,10,1044.809,1048.36,ah theres a big boy,Transcript,0,0
301,10,1051.56,1052.34,hay,Transcript,1,1
302,10,1054.63,1057.84,wanna see something cool hey joe joe,Transcript,1,1
303,10,1059.68,1064.62,watch where did that ball go,Transcript,0,1
304,10,1066.742,1072.17,should we go get it should we go get it on your mark get set,Transcript,0,0
305,10,1072.558,1077.34,go get it here we go go get that ball,Transcript,0,0
306,10,1080.89,1082.05,im gonna get it,Transcript,0,0
307,10,1083.3,1085.89,im gonna get the ball,Transcript,1,1
308,10,1090.573,1093.95,are you gonna get it oh a block,Transcript,0,0
309,10,1095.04,1098.385,wheres the ball wheres the ball,Transcript,1,0
310,10,1102.13,1105.283,is that a good block huh,Transcript,0,1
311,10,1111.618,1114.3,thats a big oh yum,Transcript,0,0
312,10,1118.187,1123.73,i got the ball i got it where is it where is it,Transcript,0,0
313,10,1126.843,1127.67,wheres the ball,Transcript,0,1
314,10,1129.03,1129.91,hey joe,Transcript,0,1
315,10,1131.49,1132.38,oh you know what,Transcript,1,1
316,10,1132.606,1133.78,honey no no no,Transcript,1,1
317,10,1135.74,1139.81,no those are mommy shoes no thank you,Transcript,0,1
318,10,1145.01,1154.89,is that a piece of paper thats mommys ok oh a block a big boy block im gonna put those right out there,Transcript,0,0
319,10,1160.51,1161.33,bye bye shoes,Transcript,0,0
320,10,1162.82,1163.873,are you thirsty,Transcript,0,0
321,10,1172.31,1172.92,hey joe,Transcript,1,0
322,10,1180.73,1184.83,what is it hey joseph watch wheres the ball,Transcript,0,0
323,10,1191.531,1192.34,star,Transcript,1,1
324,10,1195.08,1198.921,look star look heres another star,Transcript,0,0
325,12,907.566,908.359,whatcha doin,Transcript,0,0
326,12,914.376,915.788,whats on the mat here huh,Transcript,0,0
327,12,919.253,919.878,peek a boo,Transcript,0,0
328,12,920.796,922.296,huh peek a boo,Transcript,0,0
329,12,923.867,924.092,huh,Transcript,0,0
330,12,939.164,939.956,do you like this,Transcript,0,1
331,12,949.964,950.808,what is that,Transcript,0,0
332,12,956.517,957.111,its gonna get you,Transcript,1,0
333,12,977.465,977.89,what,Transcript,1,0
334,12,980.702,981.559,dont be afraid,Transcript,1,0
335,12,984.984,985.997,does that feel funny,Transcript,1,0
336,12,989.326,990.42,there you go,Transcript,1,1
337,12,997.033,997.664,does that tickle,Transcript,1,1
338,12,999.306,999.8,sit up,Transcript,0,0
339,12,1010.408,1011.096,thank you,Transcript,1,0
340,12,1026.756,1027.262,what,Transcript,0,0
341,12,1028.321,1029.946,look what we have here look,Transcript,0,0
342,12,1033.22,1033.889,hi braden,Transcript,0,0
343,12,1035.144,1036.7,mooo,Transcript,0,0
344,12,1038.078,1039.516,mooo,Transcript,0,0
345,12,1047.033,1047.639,braden,Transcript,0,1
346,12,1049.111,1050.205,hi braden how are you,Transcript,0,0
347,12,1052.1,1053.2,are you having fun playing,Transcript,0,0
348,12,1056.375,1057.137,are you having fun,Transcript,0,0
349,12,1058.179,1059.285,thats a squishy ball,Transcript,0,0
350,12,1066.526,1067.195,are you having fun,Transcript,0,0
351,12,1068.679,1070.748,mooo,Transcript,0,0
352,12,1080.078,1082.159,dont bite my nose dont bite my nose,Transcript,0,1
353,12,1085.183,1085.87,are you having fun,Transcript,0,0
354,12,1090.374,1092.218,thats a squishy ball dont but it in you mouth,Transcript,0,1
355,12,1094.693,1098.671,tickles tickles tickles your feet tickles your feet,Transcript,0,1
356,12,1106.489,1107.539,dont put it in your mouth,Transcript,1,1
357,12,1110.385,1110.647,no,Transcript,1,0
358,12,1113.495,1115.508,youre silly youre a silly boy,Transcript,0,0
359,12,1117.969,1122.501,ahhh ahhh ahhh,Transcript,1,1
360,12,1124.5,1125.325,ahhh,Transcript,0,1
361,12,1126.274,1127.093,ahhh,Transcript,0,1
362,12,1128.783,1129.62,ahhh,Transcript,1,1
363,12,1132.839,1133.558,ah ah ah,Transcript,0,1
364,12,1134.534,1136.515,if youre happy and you know it clap your hands,Transcript,0,1
365,12,1145.346,1145.934,uh oh,Transcript,0,1
366,12,1148.331,1149.063,boy over board,Transcript,1,0
367,12,1150.272,1151.01,boy over board,Transcript,0,0
368,12,1157.989,1158.521,you like that,Transcript,1,1
369,12,1160.978,1162.365,ill watch from over here braden,Transcript,0,1
370,12,1168.553,1168.741,what,Transcript,0,0
371,12,1170.614,1171.114,poofy,Transcript,0,0
372,12,1178.718,1180.899,thats a star blue star,Transcript,0,0
373,12,1184.039,1187.583,its a starfish blue and yellow,Transcript,0,0
374,14,601.053,601.85,one,Transcript,1,0
375,14,606.55,610.9,huh two,Transcript,1,0
376,14,614.54,615.013,huh,Transcript,0,0
377,14,618.22,619.348,three,Transcript,0,0
378,14,620.46,622.828,yay,Transcript,0,0
379,14,625.05,627.288,now youre gonna put the whole thing out,Transcript,1,0
380,14,634.608,635.078,huh,Transcript,1,0
381,14,638.28,639.838,you dont know what to do,Transcript,0,0
382,14,642.43,643.85,look at these blocks,Transcript,0,0
383,14,653.473,654.1,look here,Transcript,0,0
384,14,656.183,658.31,oh my gracious are you okay,Transcript,1,0
385,14,662.75,664.683,yeah,Transcript,0,0
386,14,670.28,672.273,here honey hold on,Transcript,1,0
387,14,678.73,689.48,is this the sun the big bright sun whos in the mirror whos in there is shiane in there is shiane in the mirror,Transcript,1,0
388,14,693.85,694.32,huh,Transcript,0,0
389,14,706.4,710.055,huh a rectangle,Transcript,0,0
390,14,714.38,717.0,a circle,Transcript,0,0
391,14,722.11,723.5,rectangle,Transcript,1,0
392,14,731.81,733.49,whos in the mirror,Transcript,0,0
393,14,734.755,737.225,is that shiane,Transcript,0,0
394,14,742.21,745.04,huh whos in there,Transcript,1,0
395,14,750.77,756.33,shiane whos in here look at you so pretty,Transcript,1,0
396,14,766.87,770.865,whos in there whos in the sun,Transcript,0,0
397,14,780.475,782.89,whats this square,Transcript,1,0
398,14,796.61,799.405,where we going what do you want,Transcript,1,0
399,14,801.97,805.48,huh look at you so big,Transcript,1,0
400,14,809.68,816.82,huh look at you so big so big what does mommy have look here,Transcript,1,0
401,14,818.36,822.26,huh oh my oh my,Transcript,1,0
402,14,839.235,839.69,huh,Transcript,1,0
403,14,843.815,847.305,oh theres so much to do,Transcript,0,0
404,14,847.645,853.07,pooh pooh whos back there look look whos back here,Transcript,0,0
405,14,856.23,859.885,wow what is that funny looking thing,Transcript,0,0
406,14,873.25,875.55,uh oh i heard a squeak,Transcript,0,0
407,14,882.18,882.38,oh,Transcript,1,0
408,14,884.19,884.39,oh,Transcript,0,0
409,14,886.85,887.11,oh,Transcript,1,1
410,14,889.91,893.29,you do it can you get it,Transcript,1,0
411,14,898.8,899.41,look,Transcript,0,0
412,14,899.695,900.055,huh,Transcript,0,0
413,14,909.715,910.55,oh,Transcript,0,0
414,14,928.11,938.76,what you doing what you doing where you going huh where you going what else is back here behind mommy,Transcript,0,0
415,14,941.86,943.25,huh whats that,Transcript,0,0
416,14,948.13,953.21,its a little flower look all kinds of stuff on here,Transcript,1,0
417,14,954.425,957.455,oh so soft,Transcript,0,0
418,14,958.64,961.11,so soft,Transcript,1,0
419,14,981.03,985.225,whats back here whats back here,Transcript,0,0
420,14,988.76,991.16,shiane whats back here,Transcript,0,0
421,14,992.89,994.02,whats all here,Transcript,1,0
422,14,996.1,997.01,what is that,Transcript,0,0
423,14,999.79,1000.64,what is that,Transcript,0,0
424,14,1002.36,1005.62,whats on there what is that,Transcript,0,0
425,14,1015.21,1019.905,is that a penguin a penguin,Transcript,1,0
426,14,1025.95,1029.26,you just trying to stand on that arent you,Transcript,0,0
427,14,1030.12,1034.98,a penguin careful okay,Transcript,0,0
428,14,1037.88,1043.68,what is that what is this a penguin,Transcript,0,0
429,14,1044.87,1053.94,whats this no you may not touch mommys glasses what is this what is this,Transcript,0,0
430,14,1054.01,1057.06,is that a whale the whales tail,Transcript,0,0
431,14,1059.16,1060.67,the whales tail,Transcript,0,0
432,14,1063.19,1063.62,huh,Transcript,0,0
433,14,1070.35,1075.04,heres the starfish whos over here who is that,Transcript,0,0
434,14,1076.284,1080.454,piglet yeah thats piglet,Transcript,0,0
435,14,1084.13,1085.224,stand,Transcript,0,0
436,14,1100.39,1103.704,huh what is that,Transcript,0,0
437,14,1107.25,1111.619,are you holding that you are so big,Transcript,0,0
438,14,1113.1,1114.434,so big,Transcript,0,0
439,14,1126.73,1129.999,careful okay shiane whos up here on the wall,Transcript,0,0
440,14,1146.46,1155.09,shiane whos this tigger is that daddys favorite no no no,Transcript,0,0
441,14,1155.63,1159.62,here you pull up on mommy im not gonna let you touch the outlets come here,Transcript,0,0
442,14,1162.23,1171.07,tigger yeah thats daddys favorite disney character yes it is daddys favorite,Transcript,1,0
443,14,1172.11,1178.87,yeah yeah is that daddys favorite,Transcript,0,0
444,14,1189.68,1196.82,say how did he get up there on the wall how did he get up there huh how did he get up there,Transcript,0,0
445,14,1197.375,1202.95,oh how did he get up there how did he,Transcript,0,1
446,24,907.566,908.359,whatcha doin,Transcript,0,0
447,24,914.376,915.788,whats on the mat here huh,Transcript,0,0
448,24,919.253,919.878,peek a boo,Transcript,0,0
449,24,920.796,922.296,huh peek a boo,Transcript,0,0
450,24,923.867,924.092,huh,Transcript,0,0
451,24,939.164,939.956,do you like this,Transcript,0,1
452,24,949.964,950.808,what is that,Transcript,0,0
453,24,956.517,957.111,its gonna get you,Transcript,1,0
454,24,977.465,977.89,what,Transcript,1,0
455,24,980.702,981.559,dont be afraid,Transcript,1,0
456,24,984.984,985.997,does that feel funny,Transcript,1,0
457,24,989.326,990.42,there you go,Transcript,1,1
458,24,997.033,997.664,does that tickle,Transcript,1,1
459,24,999.306,999.8,sit up,Transcript,0,0
460,24,1010.408,1011.096,thank you,Transcript,1,0
461,24,1026.756,1027.262,what,Transcript,0,0
462,24,1028.321,1029.946,look what we have here look,Transcript,0,0
463,24,1033.22,1033.889,hi braden,Transcript,0,0
464,24,1035.144,1036.7,mooo,Transcript,0,0
465,24,1038.078,1039.516,mooo,Transcript,0,0
466,24,1047.033,1047.639,braden,Transcript,0,1
467,24,1049.111,1050.205,hi braden how are you,Transcript,0,0
468,24,1052.1,1053.2,are you having fun playing,Transcript,0,0
469,24,1056.375,1057.137,are you having fun,Transcript,0,0
470,24,1058.179,1059.285,thats a squishy ball,Transcript,0,0
471,24,1066.526,1067.195,are you having fun,Transcript,0,0
472,24,1068.679,1070.748,mooo,Transcript,0,0
473,24,1080.078,1082.159,dont bite my nose dont bite my nose,Transcript,0,1
474,24,1085.183,1085.87,are you having fun,Transcript,0,0
475,24,1090.374,1092.218,thats a squishy ball dont but it in you mouth,Transcript,0,1
476,24,1094.693,1098.671,tickles tickles tickles your feet tickles your feet,Transcript,0,1
477,24,1106.489,1107.539,dont put it in your mouth,Transcript,1,1
478,24,1110.385,1110.647,no,Transcript,1,0
479,24,1113.495,1115.508,youre silly youre a silly boy,Transcript,0,0
480,24,1117.969,1122.501,ahhh ahhh ahhh,Transcript,1,1
481,24,1124.5,1125.325,ahhh,Transcript,0,1
482,24,1126.274,1127.093,ahhh,Transcript,0,1
483,24,1128.783,1129.62,ahhh,Transcript,1,1
484,24,1132.839,1133.558,ah ah ah,Transcript,0,1
485,24,1134.534,1136.515,if youre happy and you know it clap your hands,Transcript,0,1
486,24,1145.346,1145.934,uh oh,Transcript,0,1
487,24,1148.331,1149.063,boy over board,Transcript,1,0
488,24,1150.272,1151.01,boy over board,Transcript,0,0
489,24,1157.989,1158.521,you like that,Transcript,1,1
490,24,1160.978,1162.365,ill watch from over here braden,Transcript,0,1
491,24,1168.553,1168.741,what,Transcript,0,0
492,24,1170.614,1171.114,poofy,Transcript,0,0
493,24,1178.718,1180.899,thats a star blue star,Transcript,0,0
494,24,1184.039,1187.583,its a starfish blue and yellow,Transcript,0,0
495,25,925.606,928.238,whose toes are they whose toes are they,Transcript,0,0
496,25,929.638,931.412,what are they rosss toes,Transcript,0,1
497,25,932.374,932.921,upidy up,Transcript,1,0
498,25,933.8,934.342,woah,Transcript,0,1
499,25,935.332,935.943,give momma a kiss,Transcript,0,0
500,25,939.814,940.687,thank you,Transcript,0,1
501,25,941.517,942.738,yah thank you,Transcript,0,1
502,25,943.719,944.73,that was sloppy,Transcript,0,1
503,25,951.157,954.512,oh you wanna go where do you wanna go,Transcript,0,1
504,25,956.268,958.419,huh where do you wanna go,Transcript,0,1
505,25,965.669,968.042,howd it get over there,Transcript,1,0
506,25,969.474,971.058,howd it get all the way over there,Transcript,0,1
507,25,974.761,975.13,get it,Transcript,0,1
508,25,977.094,978.447,oh whats that get it,Transcript,0,0
509,25,981.772,982.43,you can reach it,Transcript,0,1
510,25,983.373,984.179,you can reach it,Transcript,0,0
511,25,987.097,989.878,there it is there it is,Transcript,0,0
512,25,995.565,996.902,you like to shake it,Transcript,0,0
513,25,998.038,999.706,you like to shake that dont you,Transcript,0,0
514,25,1002.96,1003.866,uh oh,Transcript,1,0
515,25,1005.105,1006.931,now what now what,Transcript,0,1
516,25,1014.968,1015.232,huh,Transcript,0,0
517,25,1018.312,1019.128,whats this,Transcript,0,0
518,25,1020.536,1023.392,a big starfish a big starfish,Transcript,0,0
519,25,1024.044,1028.007,oh ross feel this feel that,Transcript,0,0
520,25,1031.626,1032.332,koosh ball,Transcript,1,0
521,25,1035.119,1035.625,like that,Transcript,0,0
522,25,1052.896,1053.186,huh,Transcript,0,0
523,25,1054.179,1055.643,look at the pretty colors,Transcript,0,0
524,25,1062.072,1063.988,thats pretty colors isnt it,Transcript,0,0
525,25,1066.679,1068.226,but it doesnt make any sound,Transcript,0,0
526,25,1073.585,1074.775,you wanna stack these up,Transcript,0,0
527,25,1075.483,1079.453,huh i think theyre honey pots look at this,Transcript,0,0
528,25,1085.672,1087.451,huh where did they go,Transcript,0,0
529,25,1088.835,1089.751,where did they go,Transcript,0,0
530,25,1096.289,1098.979,you huh there they are,Transcript,0,0
531,25,1101.643,1102.301,whats in there,Transcript,0,0
532,25,1105.698,1106.346,whats in there,Transcript,0,0
533,29,609.75,613.47,"whats in there what fun things are in there, huh",Transcript,0,0
534,29,618.48,620.46,can you get it can you get it,Transcript,0,0
535,29,621.085,625.22,cant quite reach can ya you cant quite reach can ya,Transcript,0,0
536,29,626.38,627.71,oh is that not right,Transcript,0,0
537,29,629.515,635.64,whats this does that work yeah you like that,Transcript,0,0
538,29,647.52,656.58,whoa uh oh whats that whats this whats this theres a little is this a bee,Transcript,0,0
539,29,656.84,662.33,bzz bzz bzz bzz bzz a buzz buzz buzz buzz buzz buzz buzz buzz buzz,Transcript,1,0
540,29,667.21,668.72,oh eat the bee's head,Transcript,0,0
541,29,669.86,671.26,you have to oh eat the bee's head,Transcript,1,0
542,29,673.175,679.89,is that not fun enough what else is fun huh,Transcript,0,0
543,29,690.83,691.94,what else is here,Transcript,0,0
544,29,700.43,702.99,get that can you get it,Transcript,0,0
545,29,706.24,708.14,not quite here,Transcript,0,0
546,29,722.35,725.44,do you want it or not huh do you want it or not,Transcript,0,0
547,29,726.66,730.69,what else is here wow look at this guy look at this guy,Transcript,0,0
548,29,731.45,734.87,googley eyes look at the googley eyes,Transcript,0,0
549,29,735.65,738.9,do you like him why you jumping,Transcript,0,0
550,29,744.76,746.36,up nother burp,Transcript,0,1
551,29,763.02,765.57,is he good does he taste good,Transcript,0,0
552,29,773.38,776.19,your nose is runny oh my,Transcript,0,0
553,29,788.4,789.75,oh mwah,Transcript,1,0
554,29,790.51,791.38,mommy loves you,Transcript,0,0
555,29,806.26,809.09,you ok you bumped your little chinny,Transcript,0,1
556,29,810.17,811.39,let mommy wipe your nose,Transcript,0,1
557,29,815.3,816.28,whats wrong honey,Transcript,1,0
558,29,816.93,817.32,what,Transcript,0,1
559,29,839.25,842.69,theres the ball theres a ball theres a ball in here,Transcript,0,0
560,29,843.905,844.86,oh huh,Transcript,0,0
561,29,851.707,854.57,up mommy dropped it here,Transcript,0,1
562,29,864.91,865.61,want it out,Transcript,0,0
563,29,886.11,888.44,see its more fun once it comes out of the toy box huh,Transcript,1,1
564,29,913.415,914.41,there's elmo,Transcript,0,0
565,29,941.755,945.4,huh boom you knocked it over,Transcript,1,0
566,29,966.34,968.69,what what,Transcript,0,1
567,29,1000.93,1005.69,hes the block man where you going where you going,Transcript,0,0
568,29,1017.42,1019.255,youre a bimpsy little guy arent ya,Transcript,0,0
569,29,1051.94,1054.46,what what do you have,Transcript,0,0
570,29,1058.49,1061.93,uh oh you lost one theres a giraffe,Transcript,0,0
571,29,1066.68,1067.64,where are you going,Transcript,0,0
572,29,1075.36,1077.97,what's wrong honey what,Transcript,0,1
573,29,1080.05,1080.74,whats wrong,Transcript,0,1
574,29,1098.82,1104.13,that good you gotta get those teethies through get those teethies through,Transcript,0,0
575,29,1129.71,1130.3,what's wrong,Transcript,0,1
576,29,1130.955,1131.57,what's wrong,Transcript,0,0
577,29,1133.035,1133.65,what's wrong,Transcript,1,1
578,29,1135.72,1139.96,stand up stand up stand up yeah,Transcript,0,0
579,29,1142.74,1143.57,stand up,Transcript,1,1
580,29,1149.03,1159.15,woah woo you gonna jump for me jump jump yay jump jump yay,Transcript,0,0
581,29,1163.55,1164.03,oh yeah,Transcript,0,1
582,29,1169.83,1170.4,what,Transcript,0,0
583,29,1173.67,1174.46,where you going,Transcript,0,0
584,29,1190.58,1193.94,what else is here huh what else is in here,Transcript,0,0
585,29,1197.49,1198.47,what's this,Transcript,0,0
586,29,1200.58,1201.18,huh,Transcript,0,0
587,29,1208.33,1211.57,snotty nose snotty nose,Transcript,0,0
588,30,900.819,903.378,look at the poor guy look at him,Transcript,0,0
589,30,906.018,907.012,look at that,Transcript,0,0
590,30,932.826,934.073,its a koosh ball,Transcript,0,0
591,30,990.963,992.822,oh uh oh,Transcript,0,0
592,30,995.734,996.364,uh oh,Transcript,0,0
593,30,1001.224,1003.095,huh uh oh,Transcript,0,0
594,30,1009.205,1010.005,uh oh,Transcript,1,0
595,30,1021.329,1021.659,huh,Transcript,1,0
596,30,1025.695,1026.107,heh,Transcript,1,0
597,30,1033.364,1033.858,get it,Transcript,0,1
598,30,1048.57,1052.27,uh oh oops bump your head,Transcript,1,0
599,30,1063.289,1064.765,tickle tickle your nose,Transcript,0,0
600,30,1067.065,1067.618,you want it back,Transcript,1,0
601,30,1070.784,1071.066,huh,Transcript,1,0
602,30,1094.096,1094.919,no,Transcript,0,0
603,30,1099.608,1100.267,no,Transcript,0,0
604,30,1103.575,1104.127,no,Transcript,1,0
605,30,1123.616,1133.812,dance dance dance dance dance dance no you can't have that either you can't have that either no,Transcript,1,0
606,30,1141.615,1142.215,huh,Transcript,0,0
607,30,1147.862,1152.358,dance dance dance dance dance dance huh,Transcript,0,0
608,30,1156.423,1159.188,dance dance dance dance dance dance,Transcript,0,0
609,30,1160.607,1161.837,tip the baby,Transcript,0,1
610,30,1164.301,1164.854,huh,Transcript,0,1
611,30,1169.63,1172.042,what you wanna dance dance,Transcript,0,0
612,30,1173.379,1177.544,dance dance dance huh tip the baby,Transcript,0,0
613,30,1178.394,1178.912,huh,Transcript,0,0
614,33,642.001,651.126,look look hello good girl woah,Transcript,0,0
615,33,657.503,658.503,good girl,Transcript,0,1
616,33,662.416,663.949,oh theyre slipppery arent they,Transcript,0,1
617,33,678.015,679.009,ohh yeaa,Transcript,0,0
618,33,681.009,685.015,oh man oh man,Transcript,0,1
619,33,694.297,695.47,yay,Transcript,0,1
620,33,727.67,728.493,yayy,Transcript,0,0
621,33,732.439,735.844,say horray,Transcript,0,0
622,33,753.035,754.935,yay,Transcript,0,1
623,33,759.58,760.535,where did it go,Transcript,0,0
624,33,781.456,784.295,come here come here,Transcript,1,1
625,33,786.492,787.753,yay,Transcript,1,1
626,33,797.812,799.289,look laken,Transcript,0,0
627,33,801.967,802.739,laken look,Transcript,0,1
628,33,804.544,807.43,laken look peek a boo huh,Transcript,0,0
629,33,808.89,809.606,peek a boo,Transcript,1,1
630,33,812.133,816.835,peek a boo i see you ooo yucky ants,Transcript,0,0
631,33,818.806,823.195,oh woah what happened,Transcript,0,1
632,33,824.713,827.235,what happened huh peek a boo,Transcript,0,0
633,33,829.326,831.031,gimme that gimme this,Transcript,1,1
634,33,836.754,842.298,do you know where it is where is it under here look,Transcript,0,0
635,33,849.863,850.657,see huh,Transcript,0,0
636,33,859.043,860.881,is that a pretty penguin,Transcript,0,0
637,33,881.954,882.66,yay,Transcript,1,1
638,33,887.985,891.09,yay yay laken,Transcript,0,0
639,33,894.435,895.624,yay,Transcript,0,1
640,33,918.266,920.312,yay you did it again,Transcript,1,0
641,33,930.293,932.0,ah look at this one,Transcript,0,0
642,33,934.547,936.34,yay,Transcript,0,0
643,33,974.378,976.325,yay,Transcript,0,0
644,33,981.446,982.033,laken,Transcript,1,0
645,33,983.713,984.233,peek a boo,Transcript,0,0
646,33,988.004,988.398,peek,Transcript,0,1
647,33,990.24,991.767,laken peek,Transcript,0,0
648,33,995.35,995.77,peek a boo,Transcript,0,1
649,33,998.532,999.085,peek a boo,Transcript,0,1
650,33,1008.348,1010.893,penguin penguin,Transcript,0,1
651,33,1013.401,1018.468,yeaa hes trying to fly hes trying to fly,Transcript,0,1
652,33,1025.874,1026.73,yeah,Transcript,0,1
653,33,1032.347,1032.73,peek a boo,Transcript,0,0
654,33,1037.843,1038.276,peek a boo,Transcript,0,0
655,33,1049.996,1056.184,laken laken peek a boo,Transcript,0,1
656,33,1061.0,1061.623,peek a boo,Transcript,0,1
657,33,1076.474,1076.946,boink,Transcript,0,1
658,33,1080.139,1080.539,boink,Transcript,0,0
659,33,1084.251,1084.596,boink,Transcript,0,0
660,33,1085.854,1087.121,boink boink boink,Transcript,0,0
661,33,1088.946,1089.574,boink boink,Transcript,0,1
662,33,1114.381,1118.969,and look heres a big long fin how pretty,Transcript,0,0
663,33,1121.632,1124.837,and tiger thats tiger,Transcript,0,1
664,33,1134.249,1136.916,penguin penguin,Transcript,1,1
665,33,1145.684,1148.678,penguin penguin,Transcript,0,0
666,33,1174.642,1175.269,ready,Transcript,0,0
667,33,1180.773,1182.805,what do you want to do come here,Transcript,0,0
668,33,1187.944,1193.527,thats a girl come on its okay come on,Transcript,1,1
669,45,902.087,902.787,what do you see,Transcript,0,0
670,45,904.174,906.45,lights are you still sleepy,Transcript,0,0
671,45,908.288,909.158,lights,Transcript,0,0
672,45,914.515,915.05,what else,Transcript,0,0
673,45,917.072,917.537,water,Transcript,0,0
674,45,920.227,921.721,and the sunshine,Transcript,0,0
675,45,944.65,946.567,no you dont want to play with that,Transcript,1,0
676,45,948.057,950.528,should we go go back and get the ball over there,Transcript,0,0
677,45,953.256,954.603,do you wanna go back and get the ball,Transcript,0,0
678,45,957.438,958.286,you wanna play patty cake,Transcript,0,1
679,45,959.788,961.894,should we play patty cake do you wanna do that,Transcript,0,1
680,45,963.161,968.652,patty cake go ahead go ahead patty cake patty cake patty cake patty cake,Transcript,0,1
681,45,969.503,972.85,yeah can you do patty cake with mommys hands,Transcript,0,0
682,45,976.398,977.527,wanna patty cake with mommy,Transcript,0,1
683,45,980.98,982.456,good job with mommys,Transcript,0,1
684,45,983.157,985.623,you dont wanna you think im asking you to come huh,Transcript,0,0
685,45,986.265,987.447,do patty cake on mommys hand,Transcript,1,0
686,45,990.783,992.983,yeah yeah patty cake,Transcript,0,1
687,45,993.976,996.423,clap you hands clap your hands,Transcript,0,0
688,45,997.035,997.799,thats good,Transcript,0,0
689,45,999.07,1002.493,thats good mmhmm thats good,Transcript,1,0
690,45,1006.886,1009.998,sleepies sleepies,Transcript,1,0
691,45,1013.414,1013.785,what,Transcript,0,0
692,45,1030.679,1033.038,are ya done are ya done,Transcript,0,0
693,45,1047.449,1048.064,you sleepy,Transcript,1,1
694,45,1050.169,1053.187,hug me oh yeah you discovered it,Transcript,0,0
695,45,1054.673,1055.584,yes you did,Transcript,0,0
696,45,1056.948,1059.99,yes you did cant hide anything from you,Transcript,0,1
697,45,1060.863,1062.557,lets see if you can go get the ball,Transcript,1,0
698,45,1067.099,1067.258,here,Transcript,0,1
699,45,1068.686,1069.962,im gonna get this again,Transcript,0,0
700,45,1070.86,1071.23,ready,Transcript,0,0
701,45,1072.757,1073.339,here we go,Transcript,1,0
702,45,1075.598,1076.481,you do it ready,Transcript,1,0
703,45,1079.42,1080.568,can you do it to mommy,Transcript,1,0
704,45,1081.994,1083.135,this way ready,Transcript,0,0
705,45,1084.221,1084.557,ah,Transcript,0,0
706,45,1086.201,1086.365,mmm,Transcript,0,0
707,45,1096.728,1097.616,do you wanna touch it,Transcript,0,0
708,45,1098.668,1100.82,there you go nope you dont want it,Transcript,1,0
709,45,1102.077,1104.559,you dont want it anymore you dont want it,Transcript,1,0
710,45,1106.919,1108.555,what what shall we do,Transcript,0,0
711,45,1109.922,1111.192,what what,Transcript,0,1
712,45,1113.1,1113.788,what should we do,Transcript,0,0
713,45,1120.486,1120.745,what,Transcript,0,1
714,45,1124.869,1125.71,should we get the ball,Transcript,0,0
715,45,1127.924,1128.753,should we get the ball,Transcript,1,0
716,45,1148.649,1150.132,can you give me kisses,Transcript,0,0
717,45,1151.232,1152.103,are you giving me kisses,Transcript,0,1
718,45,1180.313,1181.689,i get it your turn,Transcript,1,0
719,45,1192.296,1193.919,wooah whered it go,Transcript,1,0
720,50,611.05,616.97,you see the water again dont you you see it you see it you want it again dont ya,Transcript,0,0
721,50,621.26,626.25,yeah do you hear it is that lilly do you see baby lilly,Transcript,0,1
722,50,627.22,629.69,theres baby lilly you like that,Transcript,0,0
723,50,630.65,632.425,wheres peekaboo,Transcript,0,0
724,50,635.94,643.105,peek a boo peek a boo there she is oh peek a boo,Transcript,0,0
725,50,644.12,649.26,wheres the baby there she is you found the baby,Transcript,0,0
726,50,655.79,656.71,peek a boo,Transcript,0,1
727,50,659.15,661.3,did you find the baby,Transcript,0,1
728,50,665.12,670.22,you see the baby theres a baby in there thats baby lilly,Transcript,0,0
729,50,671.51,675.0,yeah isnt she cute thats a baby girl,Transcript,0,1
730,50,677.425,683.495,yeah youd have fun playing with her shes a very nice baby,Transcript,0,1
731,50,691.135,692.125,oooo,Transcript,0,0
732,50,696.75,697.8,lets see,Transcript,0,0
733,50,717.34,721.145,what else do we have in here oh a ball thats always fun,Transcript,0,0
734,50,724.61,731.105,here we go ready lets see what this is i dont know what this is,Transcript,0,0
735,50,734.97,735.99,interesting,Transcript,0,0
736,50,740.56,751.07,oh whats the matter did you bonk your head did you bonk your head its ok come here ok its alright its alright look what i have look,Transcript,0,1
737,50,754.79,759.22,huh its pooh bear do you see pooh bear,Transcript,0,0
738,50,760.59,761.79,ready wheres pooh bear,Transcript,1,0
739,50,763.04,766.86,wheres pooh bear ready peek a boo,Transcript,0,0
740,50,768.94,771.91,ready wheres pooh bear wheres pooh bear,Transcript,0,0
741,50,773.22,776.555,peek a boo yeah,Transcript,0,0
742,50,777.32,781.74,wheres pooh bear where is he can you find him huh,Transcript,0,0
743,50,783.055,786.805,peek a boo there he is you found him,Transcript,1,0
744,50,789.255,792.505,you found pooh bear hes in a honeypot,Transcript,0,0
745,50,795.8,802.66,can you close him is that what youre trying to do here lets close him wheres pooh bear wheres pooh bear,Transcript,0,0
746,50,804.32,805.23,peek a boo,Transcript,0,0
747,50,814.0,818.29,oh very smart very good ready wheres pooh bear,Transcript,0,0
748,50,819.75,822.735,peek a boo there he is,Transcript,0,0
749,50,831.38,832.16,do you want that,Transcript,1,0
750,50,834.29,840.33,nope ok i dont think this really does anything that special do you want to hold it,Transcript,0,0
751,50,845.03,859.32,look at that there we go how bout a ball how bout the ball look look its a ball watch watch what mommy can do watch,Transcript,0,0
752,50,860.54,861.26,ready,Transcript,0,0
753,50,863.46,871.3,can you go get the ball you wanna go get it want the ball lets go get the ball here lets get the ball,Transcript,0,0
754,50,873.53,876.8,here it comes oooo,Transcript,0,0
755,50,877.815,881.145,can lilly get the ball can you get it ready here it comes,Transcript,0,0
756,50,881.66,885.35,oooooh ready here it comes,Transcript,0,0
757,50,886.835,889.295,you got it good catch,Transcript,1,0
758,50,889.62,893.995,good catch you have the ball do you have a ball,Transcript,0,0
759,50,909.72,917.825,can you get the ball ready here it comes here comes the ball uh oh,Transcript,1,0
760,50,919.94,921.06,ready here it comes,Transcript,0,1
761,50,922.38,926.45,whee oh good catch good catch,Transcript,0,0
762,50,935.54,938.67,ready here comes the ball,Transcript,0,0
763,50,943.12,945.84,oh whered it go,Transcript,0,0
764,50,947.48,950.195,whered it go can you get it can you get it,Transcript,0,0
765,50,951.9,952.83,get the ball,Transcript,0,0
766,50,968.492,972.14,you like the ball were going to have to find a ball at home arent we,Transcript,1,0
767,50,973.752,974.33,yeah,Transcript,1,0
768,50,976.63,979.812,ooooh where did it go whered it go,Transcript,1,0
769,50,980.9,985.14,can you get the ball ready youre gonna get the ball wheee,Transcript,0,0
770,50,989.7,990.51,get the ball,Transcript,1,0
771,50,992.72,998.36,oh can you reach it can you reach it get the ball get the ball get the ball boom,Transcript,1,0
772,50,1000.63,1001.212,get it,Transcript,1,0
773,50,1002.33,1004.5,ready here comes the ball here comes the ball,Transcript,0,1
774,50,1009.74,1012.822,can you get it can you get it,Transcript,0,0
775,50,1017.96,1022.58,big girl big girl,Transcript,0,0
776,50,1026.11,1029.68,do you wanna play with the water again or maybe the peek a boo mirror,Transcript,0,0
777,50,1032.0,1033.842,lookie here remember that,Transcript,1,0
778,50,1036.54,1039.0,can you get it there you go,Transcript,1,0
779,50,1042.037,1046.877,theres baby lilly wheres lilly peek a boo,Transcript,0,0
780,50,1049.08,1052.74,wheres lilly peek a boo,Transcript,0,1
781,50,1068.5,1071.81,do you want somethin else lets see what we have here,Transcript,0,0
782,50,1076.41,1078.62,this looks interesting,Transcript,0,0
783,50,1081.441,1084.68,what is this it looks like a worm wanna play with the worm,Transcript,1,0
784,50,1086.26,1087.536,wanna play with the worm,Transcript,1,0
785,50,1106.69,1111.106,lets see you have silky and waffly bumpy,Transcript,0,0
786,50,1116.68,1117.206,no,Transcript,0,0
787,50,1118.94,1137.15,yeah thats not really my style either here you go this looks fun look this is all squishy you wanna hold the squishy ball this is a funny ball look its squishy huh its squishy do you wanna hold it wanna hold it,Transcript,0,1
788,50,1137.98,1139.68,huh yeah,Transcript,1,0
789,50,1143.1,1144.11,see the ball,Transcript,0,0
790,50,1147.46,1152.34,you wanna hold it you cant hold it at that angle lets hold it like this,Transcript,0,0
791,50,1154.25,1165.87,there wanna hold it do you wanna hold it here wanna hold it wanna hold it its a its a ball its a squishy ball look,Transcript,1,1
792,50,1167.54,1169.47,look at that look,Transcript,0,0
793,50,1171.09,1179.12,whats the matter huh there you go look its not a ball anymore its a bracelet,Transcript,1,0
794,50,1180.67,1181.56,wheres the ball,Transcript,1,0
795,50,1183.97,1188.27,there it is there it is,Transcript,0,0
796,50,1190.0,1191.59,well that was fun,Transcript,0,0
797,50,1193.94,1194.88,that was fun,Transcript,0,0
798,50,1201.47,1205.14,wanna see a star a star,Transcript,0,0
799,50,1208.18,1209.015,wanna hold it,Transcript,0,0
800,50,1213.37,1216.575,yeah not too excited about this star how bout the big star,Transcript,0,0
801,51,599.976,601.164,moo cow,Transcript,0,0
802,51,602.19,603.299,moo cow,Transcript,0,0
803,51,604.635,605.455,moo cow,Transcript,0,0
804,51,607.834,608.801,moo cow,Transcript,0,0
805,51,608.801,611.541,nan,Transcript,1,0
806,51,623.7,626.602,wheres the cow peekaboo,Transcript,0,0
807,51,628.364,628.911,wheres the cow,Transcript,0,0
808,51,631.84,632.583,peekaboo,Transcript,0,0
809,51,634.745,638.182,wheres the cow peekaboo,Transcript,0,0
810,51,655.81,656.323,moo,Transcript,0,0
811,51,668.965,672.94,tiger you see tiger  do you see tiger,Transcript,0,0
812,51,680.404,683.023,yaay,Transcript,0,0
813,51,684.134,686.247,yaay,Transcript,0,1
814,51,691.455,695.012,butterfly butterfly,Transcript,0,1
815,51,696.959,700.455,butteffly butterfly,Transcript,0,0
816,51,710.963,712.379,butterfly,Transcript,0,1
817,51,715.703,716.858,butterfly,Transcript,0,0
818,51,726.091,730.264,wheres the cow wheres the cow wheres the cow,Transcript,0,0
819,51,739.914,740.551,wheres the cow,Transcript,0,0
820,51,759.202,762.782,moo cow moo cow,Transcript,0,0
821,51,765.684,767.041,moooo,Transcript,1,0
822,51,780.958,781.415,bah bah,Transcript,0,0
823,51,782.8,790.278,gonna eat you gonna eat you gonna eat you gonna eat you,Transcript,0,0
824,51,795.468,796.658,ooh but theres his tongue,Transcript,0,0
825,51,806.492,809.805,wheres the cow wheres the cow moo,Transcript,0,0
826,51,836.563,837.581,square,Transcript,1,1
827,51,839.711,841.175,blue and yellow,Transcript,0,0
828,51,847.039,848.694,oh youre gonna eat everything,Transcript,0,0
829,51,861.256,864.0,look at those look at those together,Transcript,0,0
830,51,880.433,881.492,huuuuh,Transcript,0,0
831,51,889.975,894.046,flower flower,Transcript,0,0
832,51,897.844,899.386,pretty flower,Transcript,0,0
833,51,901.526,902.412,bumble bee,Transcript,0,0
834,51,905.12,908.416,pretty flower ladybug,Transcript,0,0
835,51,912.034,913.626,huuuh wheres the go,Transcript,1,0
836,51,917.987,920.283,bumblebee look,Transcript,0,0
837,51,952.891,954.48,pretty colors,Transcript,0,1
838,51,956.364,958.235,pretty colors,Transcript,0,0
839,51,962.455,964.205,pretty colors,Transcript,0,0
840,51,1000.699,1003.566,block pretty block pretty block,Transcript,1,1
841,51,1006.899,1008.602,look at the pretty blocks,Transcript,0,1
842,51,1012.837,1015.796,hello you want a little love,Transcript,0,0
843,51,1030.116,1030.91,dahdah,Transcript,0,1
844,51,1039.295,1041.507,huh ball ball,Transcript,0,0
845,51,1042.71,1045.358,look at the ball ball,Transcript,0,0
846,51,1048.266,1048.644,ball,Transcript,0,0
847,51,1053.991,1054.849,ball,Transcript,0,0
848,51,1060.333,1061.395,ball,Transcript,0,0
849,51,1081.657,1084.785,yaay yay,Transcript,0,0
850,51,1085.603,1086.452,ball,Transcript,0,0
851,51,1090.925,1091.801,ball,Transcript,0,0
852,51,1108.585,1111.39,yaay,Transcript,1,0
853,51,1122.981,1123.644,ball,Transcript,1,0
854,51,1130.758,1131.468,wheres the ball,Transcript,0,0
855,51,1133.048,1134.835,wheres the ball ball,Transcript,0,0
856,51,1136.781,1137.322,ball,Transcript,0,0
857,51,1139.235,1139.871,wheres the ball,Transcript,0,0
858,51,1141.944,1142.495,wheres the ball,Transcript,0,0
859,51,1144.149,1144.659,wheres the ball,Transcript,0,0
860,51,1146.948,1147.549,wheres the ball,Transcript,0,0
861,51,1150.756,1152.488,ball wheres the ball,Transcript,0,0
862,51,1166.024,1166.59,wheres the ball,Transcript,1,0
863,51,1193.313,1195.025,yaaay,Transcript,1,0
864,53,898.951,903.006,abby can you knock them down knock them down,Transcript,1,0
865,53,905.187,909.715,good girl yeah knock them down again,Transcript,1,0
866,53,912.422,913.327,knock them down again,Transcript,0,0
867,53,916.151,918.012,no look at this one,Transcript,1,0
868,53,920.633,928.842,these are fun heres a giraffe some stars and a butterfly,Transcript,1,0
869,53,936.311,941.263,this one has a bell in it this one has a hippo with a bird,Transcript,1,0
870,53,943.593,944.787,ooo a different bell,Transcript,1,0
871,53,948.92,952.936,ooo you have that one you have that one,Transcript,0,0
872,53,954.541,957.38,abigail whats this,Transcript,0,0
873,53,962.071,964.377,thats an upside down penguin i believe,Transcript,0,1
874,53,969.353,970.169,penguin,Transcript,1,1
875,53,972.714,973.342,this guy,Transcript,0,0
876,53,976.509,977.581,you gonna stand up,Transcript,0,0
877,53,984.909,986.859,oh big girl what is that,Transcript,1,1
878,53,988.598,991.598,theres no books in here you like to play with books dont you,Transcript,0,0
879,53,998.529,999.201,what is that,Transcript,0,0
880,53,1006.481,1010.67,tigger thats tigger from sams winnie the pooh book,Transcript,0,1
881,53,1013.326,1017.354,abby abby kisses kisses,Transcript,0,0
882,53,1026.629,1027.668,what else do you see,Transcript,0,0
883,53,1029.399,1031.004,want to play with some balls,Transcript,0,0
884,53,1032.482,1034.46,ooo you see something you want,Transcript,0,0
885,53,1040.225,1041.208,you want to look in here,Transcript,0,1
886,53,1043.458,1044.331,what do you see in here,Transcript,0,0
887,53,1051.196,1052.229,what do you see,Transcript,0,0
888,53,1056.286,1064.787,oh youre strong strong girl yes whats on here what does this do,Transcript,0,0
889,53,1070.365,1078.146,what does this do hey you can push on that abby abby can you shake shake,Transcript,0,0
890,53,1079.073,1090.711,shake shake shake shake yeah good girl shake shake shake yeah are you gonna make music you want to make some music make music,Transcript,0,0
891,53,1096.123,1100.43,good girl make some music its quiet in here isnt it,Transcript,0,0
892,53,1100.944,1103.044,can you can you toss it,Transcript,0,0
893,53,1103.333,1106.555,toss it toss it can you eat it,Transcript,0,0
894,53,1106.883,1109.46,good toss it toss it,Transcript,0,0
895,53,1109.939,1114.412,abby look we can hit them together yeah thats fun,Transcript,0,0
896,53,1116.079,1118.724,uh oh hit it together,Transcript,0,0
897,53,1119.634,1120.378,you want that one,Transcript,0,0
898,53,1121.209,1122.67,good girl,Transcript,0,0
899,53,1125.35,1129.361,shake shake shake shake shake huh shake yeah,Transcript,0,0
900,53,1133.167,1134.417,abby can you dance,Transcript,0,0
901,53,1137.737,1138.259,can you dance,Transcript,0,0
902,53,1142.897,1144.153,look can you drop it in here,Transcript,0,0
903,53,1146.869,1148.452,shake dance,Transcript,0,0
904,53,1149.46,1150.926,dance and shake dance and shake,Transcript,0,0
905,53,1165.981,1168.587,oh now youre gonna poopy ok,Transcript,0,1
906,53,1169.603,1172.225,i dont have any diapers here oh my,Transcript,0,0
907,53,1174.117,1176.167,i dont have any diapers here sweetie,Transcript,0,0
908,53,1177.491,1178.436,ok poopy break,Transcript,0,0
909,53,1179.557,1181.679,oh my yeah thats gonna be a good one,Transcript,0,1
910,53,1187.499,1188.604,oh my,Transcript,0,1
911,53,1191.69,1194.723,do you want to touch this this is soft again,Transcript,0,0
912,53,1195.876,1199.048,oh okay we dont have to play with that one,Transcript,0,0
913,56,896.906,898.017,oh eeyore,Transcript,0,0
914,56,899.44,900.61,tigger,Transcript,0,0
915,56,909.217,909.701,yeah huh,Transcript,0,1
916,56,917.205,918.01,eeyore,Transcript,0,0
917,56,919.609,922.414,oooh oh eeyore,Transcript,0,0
918,56,961.505,962.205,ball,Transcript,0,0
919,56,964.012,967.017,hey come here switch,Transcript,1,0
920,56,968.102,970.894,ball give mommy,Transcript,0,0
921,56,971.929,981.694,thats my ball thats my ball thats your ball thats my ball thats your ball thats my ball thats your ball thats my ball your ball,Transcript,0,0
922,56,985.282,994.192,and you can eat it ill go get it i go and get it thats my ball thats your ball my ball,Transcript,0,0
923,56,1013.617,1015.922,that doesnt make noise like ours,Transcript,0,0
924,56,1017.818,1020.302,no that doesnt make noise like ours,Transcript,0,0
925,56,1041.004,1045.617,what are you going for honey crunchy crunchy,Transcript,0,0
926,56,1057.838,1058.612,mommy help,Transcript,1,0
927,56,1067.502,1068.697,mooo,Transcript,0,0
928,56,1070.61,1071.715,oh,Transcript,0,0
929,56,1073.744,1075.391,thats a moo cow,Transcript,0,0
930,56,1100.491,1105.512,uh oh should i put the cow back on,Transcript,0,0
931,56,1154.505,1155.089,what,Transcript,0,0
932,56,1155.988,1159.504,pooh bear go see pooh bear,Transcript,0,0
933,56,1161.127,1161.464,k,Transcript,1,1
934,56,1168.751,1173.009,winnie the pooh winnie the pooh,Transcript,0,1
935,56,1175.014,1176.319,say hi pooh bear,Transcript,0,1
936,56,1178.632,1181.401,say hi hi pooh bear,Transcript,0,1
937,56,1186.533,1190.017,oh kisses for pooh why dont you go and give him a kiss,Transcript,0,0
938,56,1192.44,1194.413,oh pooh bear kisses,Transcript,0,0
939,56,1195.838,1197.296,youre too sweet,Transcript,0,1
940,84,602.82,603.409,yeah,Transcript,1,1
941,84,607.957,609.062,winnie the pooh,Transcript,1,0
942,84,612.762,613.825,winnie the pooh,Transcript,0,0
943,84,615.736,616.225,ah,Transcript,0,0
944,84,617.509,618.209,hi,Transcript,0,0
945,84,620.505,621.583,youre happy arent ya,Transcript,0,0
946,84,622.583,625.062,say this is cool yeah,Transcript,0,0
947,84,626.762,629.189,where do you wanna go down,Transcript,0,0
948,84,634.052,634.552,you all right,Transcript,0,0
949,84,636.325,636.635,no,Transcript,0,1
950,84,638.741,642.368,okay its okay shh its okay,Transcript,1,0
951,84,646.004,648.42,what whats the matter,Transcript,0,1
952,84,649.01,649.273,huh,Transcript,1,1
953,84,653.357,654.657,we dont have anything like this,Transcript,0,0
954,84,656.278,656.899,its neat,Transcript,0,0
955,84,661.133,662.388,see those fishies go around,Transcript,0,0
956,84,668.338,669.593,lets put the star back,Transcript,0,0
957,84,674.008,679.348,how about i put some stuff back in there and then you can get it back out,Transcript,0,0
958,84,684.418,686.158,uh oh there goes the ball go get it,Transcript,1,0
959,84,687.078,693.553,gonna go get it go get it go ahead go get it josh,Transcript,0,0
960,84,696.003,696.778,there ya go,Transcript,0,0
961,84,702.288,703.038,what dya find,Transcript,1,0
962,84,718.813,719.198,hi,Transcript,0,1
963,84,736.003,736.438,whos this,Transcript,0,0
964,84,737.888,738.403,big bird,Transcript,0,0
965,84,742.668,744.738,look elmo look elmo,Transcript,1,0
966,84,752.618,758.943,careful what are you trying to get here you trying to get this or how about that,Transcript,0,0
967,84,765.783,767.103,hi comin to mama,Transcript,0,0
968,84,773.158,774.078,wow,Transcript,0,0
969,84,776.403,777.028,hmm,Transcript,0,1
970,84,780.653,785.473,oh heres the other piece you want the other piece oh here right here,Transcript,0,0
971,84,790.223,794.458,here lets take all three pieces out look here watch,Transcript,0,0
972,84,804.358,804.993,can i have it,Transcript,0,1
973,84,807.078,807.433,what,Transcript,0,1
974,84,807.878,808.648,mama,Transcript,0,0
975,84,811.468,812.303,and winnie the pooh,Transcript,0,1
976,84,815.453,817.063,yea woops,Transcript,0,1
977,84,818.793,819.643,down goes baby,Transcript,0,0
978,84,821.113,821.913,uh oh,Transcript,0,0
979,84,825.393,827.218,huh thats a shaker one,Transcript,0,0
980,84,829.013,829.828,thats the one you shake,Transcript,0,0
981,84,838.358,838.608,hmm,Transcript,0,1
982,84,840.598,841.548,that goes in there,Transcript,0,0
983,84,849.494,853.376,yea here oh,Transcript,0,1
984,84,898.266,900.643,yeah oops,Transcript,0,0
985,84,904.705,905.66,you just tap it,Transcript,0,0
986,84,909.166,911.499,can you stack it yea put it on top,Transcript,0,1
987,84,954.038,959.993,youre a big boy youre a big boy yes you are come back,Transcript,0,0
988,84,961.755,961.933,here,Transcript,1,0
989,84,992.499,996.088,you excited about that huh oh ops you all right,Transcript,0,1
990,84,997.521,1002.382,come here its okay i know its all right its okay,Transcript,0,1
991,84,1003.132,1009.422,its alright youre alright k just a little dink on the head youve had one of those before,Transcript,0,1
992,84,1010.404,1010.688,right,Transcript,0,0
993,84,1015.682,1016.604,no big deal,Transcript,0,0
994,84,1018.41,1019.433,can you stand up,Transcript,0,0
995,84,1021.993,1022.466,go,Transcript,0,0
996,84,1030.399,1033.01,you want him up there he is,Transcript,0,0
997,84,1048.138,1049.594,you like him the best dont you,Transcript,0,0
998,84,1051.044,1053.733,yea you like winnie pooh winnie the pooh the best,Transcript,0,0
999,84,1065.06,1070.288,its so funny when you make that noise uh oh here ill get it there you go,Transcript,0,0
1000,84,1082.082,1083.377,here wheres the other piece,Transcript,0,0
1001,84,1084.977,1087.472,shake shake shake shake shake shake,Transcript,0,0
1002,84,1093.755,1094.899,it turns aronud look,Transcript,0,0
1003,84,1099.327,1101.238,and look he goes on top,Transcript,0,0
1004,84,1125.105,1126.993,oh such a big boy standing up,Transcript,0,1
1005,84,1128.693,1131.017,big boy yea big boy,Transcript,0,1
1006,84,1132.987,1137.634,theres that ball over there you never did go get that did you you were going to,Transcript,0,0
1007,84,1139.116,1140.352,yea you were going to,Transcript,0,0
1008,84,1152.775,1154.893,thats the next one want that one,Transcript,1,0
1009,84,1161.905,1168.758,its gonna get your belly its gonna get your belly its gonna get you you got it its all yours,Transcript,0,0
1010,84,1183.416,1184.128,thats the big one,Transcript,1,0
1011,84,1192.793,1194.269,oh look at that thats cool look,Transcript,0,0
1012,84,1197.675,1198.634,spins like a top,Transcript,0,0
